date,open,high,close,low,volume,price_change,p_change,ma5,ma10,ma20,v_ma5,v_ma10,v_ma20
2019/1/2,2497.88,2500.28,2465.29,2456.42,1099320.12,-28.61,-1.15,2489.078,2515.113,2541.36,1228108.57,1172327.01,1207063.69
2019/1/3,2461.78,2488.48,2464.36,2455.93,1243975,-0.93,-0.04,2480.986,2503.884,2536.227,1195562.45,1179691.14,1209524.44
2019/1/4,2446.02,2515.32,2514.87,2440.91,1688776.62,50.51,2.05,2484.302,2500.415,2534.892,1315718.52,1240907,1239477.7
2019/1/7,2528.7,2536.98,2533.09,2515.51,1773050.12,18.22,0.72,2494.302,2500.097,2534.786,1399514.87,1297645.51,1270864.32
2019/1/8,2530.3,2531.35,2526.46,2520.16,1580991.75,-6.63,-0.26,2500.814,2501.118,2534.323,1477222.72,1340073.49,1288093.62
2019/1/9,2536.42,2574.41,2544.34,2536.16,1918879.25,17.88,0.71,2516.624,2502.851,2534.851,1641134.55,1434621.56,1321292.86
2019/1/10,2543.85,2551.83,2535.1,2531.66,1598743.25,-9.24,-0.36,2530.772,2505.879,2534.863,1712088.2,1453825.32,1335165.38
2019/1/11,2539.55,2554.79,2553.83,2533.36,1494441,18.73,0.74,2538.564,2511.433,2532.447,1673221.07,1494469.8,1358128.28
2019/1/14,2553.33,2556.29,2535.77,2533.01,1448254.62,-18.06,-0.71,2539.1,2516.701,2527.533,1608261.97,1503888.42,1355171.96
2019/1/15,2537.37,2571.5,2570.34,2532.43,1602655.25,34.57,1.36,2547.876,2524.345,2526.363,1612594.67,1544908.7,1362333.47
2019/1/16,2569.07,2574.24,2570.42,2563.01,1493015.38,0.08,0,2553.092,2534.858,2524.986,1527421.9,1584278.22,1378302.62
2019/1/17,2573.58,2582.56,2559.64,2557.71,1624681.38,-10.78,-0.42,2558,2544.386,2524.135,1532609.53,1622348.86,1401020
2019/1/18,2567.74,2598.88,2596.01,2565.9,1907672.38,36.37,1.42,2566.436,2552.5,2526.458,1615255.8,1644238.44,1442572.72
2019/1/21,2599.06,2618.98,2610.51,2599.06,1634251.12,14.5,0.56,2581.384,2560.242,2530.17,1652455.1,1630358.54,1464002.02
2019/1/22,2609.64,2609.64,2579.7,2573.06,1525377.75,-30.81,-1.18,2583.256,2565.566,2533.342,1636999.6,1624797.14,1482435.31
2019/1/23,2575.26,2589.51,2581,2572.41,1314268,1.3,0.05,2585.372,2569.232,2536.042,1601250.13,1564336.01,1499478.79
2019/1/24,2584.65,2597.29,2591.69,2569.7,1540420.5,10.69,0.41,2591.782,2574.891,2540.385,1584397.95,1558503.74,1506164.53
2019/1/25,2596.26,2617,2601.72,2595.63,1593940.25,10.03,0.39,2592.924,2579.68,2545.557,1521651.52,1568453.66,1531461.73
2019/1/28,2615.71,2630.32,2596.98,2591.1,1469817.62,-4.74,-0.18,2590.218,2585.801,2551.251,1488764.82,1570609.96,1537249.19
2019/1/29,2592.35,2601.74,2594.25,2559.98,1555811.12,-2.73,-0.1,2593.128,2588.192,2556.269,1494851.5,1565925.55,1555417.12
2019/1/30,2584.75,2598.82,2575.58,2575.41,1205025.75,-18.67,-0.72,2592.044,2588.708,2561.783,1473003.05,1537126.59,1560702.41
2019/1/31,2581.33,2606.63,2584.57,2571.58,1543038.75,8.99,0.35,2590.62,2591.201,2567.794,1473526.7,1528962.32,1575655.59
2019/2/1,2597.78,2618.48,2618.23,2590.55,1319868.5,33.66,1.3,2593.922,2593.423,2572.962,1418712.35,1470181.94,1557210.19
2019/2/11,2613.17,2654.1,2653.9,2613.17,1548988.62,35.67,1.36,2605.306,2597.762,2579.002,1434546.55,1461655.69,1546007.11
2019/2/12,2654.03,2674.48,2671.89,2648.83,1841011.75,17.99,0.68,2620.834,2606.981,2586.274,1491586.67,1493219.09,1559008.11
2019/2/13,2674.52,2727.08,2721.07,2666.52,2437940,49.18,1.84,2649.932,2620.988,2595.11,1738169.52,1605586.29,1584961.15
2019/2/14,2715.54,2729.46,2719.7,2707.49,1970373.5,-1.37,-0.05,2676.958,2633.789,2604.34,1823636.47,1648581.59,1603542.66
2019/2/15,2712.79,2715.63,2682.39,2679.78,1960042.62,-37.31,-1.37,2689.79,2641.856,2610.768,1951671.3,1685191.82,1626822.74
2019/2/18,2699.82,2754.36,2754.36,2699.82,2604360,71.97,2.68,2709.882,2657.594,2621.698,2162745.57,1798646.06,1684628.01
2019/2/19,2759.5,2780.78,2755.65,2737.59,2880462.75,1.29,0.05,2726.634,2673.734,2630.963,2370635.77,1931111.22,1748518.39
2019/2/20,2761.06,2767.41,2761.22,2739.98,2459725.25,5.57,0.2,2734.664,2692.298,2640.503,2374992.82,2056581.17,1796853.88
2019/2/21,2759.94,2794.01,2751.8,2744.98,2986499.75,-9.42,-0.34,2741.084,2709.021,2650.111,2578218.07,2200927.27,1864944.8
2019/2/22,2749.46,2804.23,2804.23,2736.33,3014814,52.43,1.91,2765.452,2727.621,2660.522,2789172.35,2370421.82,1920301.88
2019/2/25,2838.39,2961.8,2961.28,2838.39,5286586,157.05,5.6,2806.836,2758.359,2678.061,3325617.55,2744181.56,2102918.62
2019/2/26,2969.1,2995.68,2941.52,2938.62,5655579.5,-19.76,-0.67,2844.01,2785.322,2696.152,3880640.9,3125638.34,2309428.71
2019/2/27,2939.93,2997.49,2953.82,2924.64,4749764.5,12.3,0.42,2882.53,2808.597,2714.793,4338648.75,3356820.79,2481203.54
2019/2/28,2950.05,2965.3,2940.95,2930.2,3502066,-12.87,-0.44,2920.36,2830.722,2732.256,4441762,3509990.04,2579285.81
2019/3/1,2954.4,2994.01,2994.01,2930.83,3457862,53.06,1.8,2958.316,2861.884,2751.87,4530371.6,3659771.98,2672481.9
2019/3/4,3015.94,3090.8,3027.58,3006.94,5256494.5,33.57,1.12,2971.576,2889.206,2773.4,4524353.3,3924985.43,2861815.74
2019/3/5,3019.88,3054.96,3054.25,3009.45,4241425.5,26.67,0.88,2994.122,2919.066,2796.4,4241522.5,4061081.7,2996096.46
2019/3/6,3060.43,3103.83,3102.1,3050.11,5550063.5,47.85,1.57,3023.778,2953.154,2822.726,4401582.3,4370115.53,3213348.35
2019/3/7,3103.67,3129.94,3106.42,3074.98,5838170.5,4.32,0.14,3056.872,2988.616,2848.819,4868803.2,4655282.6,3428104.94
2019/3/8,3038.34,3075.05,2969.86,2969.58,5778554.5,-136.56,-4.4,3052.042,3005.179,2866.4,5332941.7,4931656.65,3651039.24
2019/3/11,2969.08,3028.25,3026.99,2963.58,4262130.5,57.13,1.92,3051.924,3011.75,2885.055,5134068.9,4829211.1,3786696.33
2019/3/12,3049.08,3093.39,3060.31,3029.9,5111731.5,33.32,1.1,3053.136,3023.629,2904.476,5308130.1,4774826.3,3950232.32
2019/3/13,3062.33,3065.29,3026.95,3013.93,4532146,-33.36,-1.09,3038.106,3030.942,2919.77,5104546.6,4753064.45,4054942.62
2019/3/14,3013.6,3041.16,2990.69,2968.82,3731418,-36.26,-1.2,3014.96,3035.916,2933.319,4683196.1,4775999.65,4142994.84
2019/3/15,3000.88,3048.12,3021.75,2999.43,3412061.5,31.06,1.04,3025.338,3038.69,2950.287,4209897.5,4771419.6,4215595.79
2019/3/18,3027.8,3096.42,3096.42,3009.51,3977971.75,74.67,2.47,3039.224,3045.574,2967.39,4153065.75,4643567.33,4284276.38
2019/3/19,3099.9,3113.43,3090.98,3076.36,3509088.5,-5.44,-0.18,3045.358,3049.247,2984.157,3832537.15,4570333.63,4315707.66
2019/3/20,3084.17,3102.52,3090.64,3053.45,3585575,-0.34,-0.01,3058.096,3048.101,3000.628,3643222.95,4373884.78,4372000.15
2019/3/21,3094.12,3125.02,3101.46,3086.85,4142511.75,10.82,0.35,3080.25,3047.605,3018.111,3725441.7,4204318.9,4429800.75
2019/3/22,3100.73,3107.28,3104.15,3064.88,3648483.5,2.69,0.09,3096.73,3061.034,3033.107,3772726.1,3991311.8,4461484.23
2019/3/25,3058.8,3087,3043.03,3041.95,3802787.5,-61.12,-1.97,3086.052,3062.638,3037.194,3737689.25,3945377.5,4387294.3
2019/3/26,3057.56,3062.69,2997.1,2988.49,3534980.25,-45.93,-1.51,3067.276,3056.317,3039.973,3742867.6,3787702.38,4281264.34
2019/3/27,3012.26,3022.76,3022.72,2987.77,2913903.5,25.62,0.85,3053.692,3055.894,3043.418,3608533.3,3625878.13,4189471.29
2019/3/28,3009.8,3025.78,2994.94,2991.78,2881064.25,-27.78,-0.92,3032.388,3056.319,3046.118,3356243.8,3540842.75,4158421.2
2019/3/29,3000.68,3093.03,3090.76,2999.99,3750830,95.82,3.2,3029.71,3063.22,3050.955,3376713.1,3574719.6,4173069.6
2019/4/1,3111.66,3176.62,3170.36,3111.66,4661247,79.6,2.58,3055.176,3070.614,3058.094,3548405,3643047.13,4143307.23
2019/4/2,3183.27,3193.27,3176.82,3164.91,4470690,6.46,0.2,3091.12,3079.198,3064.223,3735546.95,3739207.28,4154770.45
2019/4/3,3159.15,3219.26,3216.3,3152.33,4305486.5,39.48,1.24,3129.836,3091.764,3069.933,4013863.55,3811198.43,4092541.6
2019/4/4,3233.69,3254.14,3246.57,3216.85,4691176.5,30.27,0.94,3180.162,3106.275,3076.94,4375886,3866064.9,4035191.9
2019/4/8,3271.27,3288.45,3244.81,3210.52,5045184,-1.76,-0.05,3210.972,3120.341,3090.688,4634756.8,4005734.95,3998523.38
2019/4/9,3240.39,3251.65,3239.66,3215.7,3641700,-5.15,-0.16,3224.832,3140.004,3101.321,4430847.4,3989626.2,3967501.85
2019/4/10,3224.65,3264.78,3241.93,3204.88,3801344,2.27,0.07,3237.854,3164.487,3110.402,4296978.2,4016262.58,3901982.48
2019/4/11,3241.55,3254.13,3189.96,3185.55,3530318.75,-51.97,-1.6,3232.586,3181.211,3118.553,4141944.65,4077904.1,3851891.11
2019/4/12,3184.86,3199.28,3188.63,3168.04,2897890,-1.33,-0.04,3220.998,3200.58,3128.45,3783287.35,4079586.68,3810214.71
2019/4/15,3233.46,3253.98,3177.79,3177.27,3488097.75,-10.84,-0.34,3207.594,3209.283,3136.252,3471870.1,4053313.45,3814016.53
2019/4/16,3164.4,3253.6,3253.6,3153.21,3579187.5,75.81,2.39,3210.382,3217.607,3144.111,3459367.6,3945107.5,3794077.31
2019/4/17,3250.15,3275.33,3263.12,3239.8,3575418,9.52,0.29,3214.62,3226.237,3152.718,3414182.4,3855580.3,3797393.79
2019/4/18,3261.07,3271.39,3250.2,3241.83,3255399.5,-12.92,-0.4,3226.668,3229.627,3160.696,3359198.55,3750571.6,3780885.01
2019/4/19,3250.15,3274.33,3270.8,3226.81,3151980,20.6,0.63,3243.102,3232.05,3169.163,3410016.55,3596651.95,3731358.43
2019/4/22,3278.49,3279.49,3215.04,3206.88,3532173.75,-55.76,-1.71,3250.552,3229.073,3174.707,3418831.75,3445350.93,3725542.94
2019/4/23,3211.87,3231.58,3198.59,3186.76,3283612,-16.45,-0.51,3239.55,3224.966,3182.485,3359716.65,3409542.13,3699584.16
2019/4/24,3203.56,3210.65,3201.61,3156.61,2748721.75,3.02,0.09,3227.248,3220.934,3192.711,3194377.4,3304279.9,3660271.24
2019/4/25,3190.59,3193.75,3123.83,3123.03,3258791.25,-77.78,-2.43,3201.974,3214.321,3197.766,3195055.75,3277127.15,3677515.63
2019/4/26,3108.16,3129.21,3086.4,3085.8,2808738.5,-37.43,-1.2,3165.094,3204.098,3202.339,3126407.45,3268212,3673899.34
2019/4/29,3090.63,3107.76,3062.5,3050.03,2921148.75,-23.9,-0.77,3134.586,3192.569,3200.926,3004202.45,3211517.1,3632415.28
2019/4/30,3052.62,3088.41,3078.34,3052.62,2223025.25,15.84,0.52,3110.536,3175.043,3196.325,2792085.1,3075900.88,3510504.19
2019/5/6,2984.73,2986.54,2906.46,2876.47,3269722.75,-171.88,-5.58,3051.506,3139.377,3182.807,2896285.3,3045331.35,3450455.83
2019/5/7,2914.29,2937.28,2926.39,2889.07,2532817.75,19.93,0.69,3012.018,3106.996,3168.312,2751090.6,2973073.18,3361822.39
2019/5/8,2873.14,2929.43,2893.76,2866.7,2315305.25,-32.63,-1.11,2973.49,3069.292,3150.671,2652403.95,2889405.7,3243028.83
2019/5/9,2871.2,2888.86,2850.95,2845.04,2000411.38,-42.81,-1.48,2931.18,3032.883,3130.978,2468256.48,2736229.46,3090790.19
2019/5/10,2878.23,2941.45,2939.21,2838.38,2823068,88.26,3.1,2903.354,3006.945,3115.956,2588265.03,2690175.06,3049858.59
2019/5/13,2905.07,2921.41,2903.71,2892.17,2120298.75,-35.5,-1.21,2902.804,2977.155,3099.045,2358380.23,2627332.76,2965806.33
2019/5/14,2872.83,2909.2,2883.61,2872.83,2083453.5,-20.1,-0.69,2894.248,2953.133,3083.727,2268507.38,2509798.99,2893463.07
2019/5/15,2902.64,2945.39,2938.68,2902.64,2305197,55.07,1.91,2903.232,2938.361,3071.23,2266485.73,2459444.84,2863828.42
2019/5/16,2933.5,2956.17,2955.71,2929.06,2483857,17.03,0.58,2924.184,2927.682,3060.126,2363174.85,2415715.66,2813616.38
2019/5/17,2955.77,2956.78,2882.3,2873.8,2663016.5,-73.41,-2.48,2912.802,2908.078,3041.561,2331164.55,2459714.79,2767807.83
2019/5/20,2874.8,2882.63,2870.6,2838.45,2094724.38,-11.7,-0.41,2906.18,2904.492,3021.935,2326049.68,2342214.95,2693773.15
2019/5/21,2867.71,2919.24,2905.97,2862.5,2113870.25,35.37,1.23,2910.652,2902.45,3004.723,2332133.03,2300320.2,2636696.69
2019/5/22,2905.52,2912.4,2891.7,2879.64,2000269,-14.27,-0.49,2901.256,2902.244,2985.768,2271147.43,2268816.58,2579111.14
2019/5/23,2880.84,2885.14,2852.52,2846.96,1973403.12,-39.18,-1.35,2880.618,2902.401,2967.642,2169056.65,2266115.75,2501172.61
2019/5/24,2847.84,2871.86,2852.99,2846.02,1672054.88,0.47,0.02,2874.756,2893.779,2950.362,1970864.33,2151014.44,2420594.75
2019/5/27,2851.28,2898.13,2892.38,2833.04,1967209,39.39,1.38,2879.112,2892.646,2934.901,1945361.25,2135705.46,2381519.11
2019/5/28,2890.27,2924.04,2909.91,2887.08,2233105.5,17.53,0.61,2879.9,2895.276,2924.205,1969208.3,2150670.66,2330234.83
2019/5/29,2894.83,2934.98,2914.7,2890.66,1989588.25,4.79,0.17,2884.5,2892.878,2915.62,1967072.15,2119109.79,2289277.31
2019/5/30,2903.42,2907.85,2905.81,2881.38,2057587.88,-8.89,-0.3,2895.158,2887.888,2907.785,1983909.1,2076482.88,2246099.27
2019/5/31,2904.5,2922.91,2898.7,2895.58,1952305.75,-7.11,-0.24,2904.3,2889.528,2898.803,2039959.28,2005411.8,2232563.29
2019/6/3,2901.74,2920.83,2890.08,2875.9,2159435.5,-8.62,-0.3,2903.84,2891.476,2897.984,2078404.58,2011882.91,2177048.93
2019/6/4,2887.64,2888.39,2862.28,2851.97,1884635.38,-27.8,-0.96,2894.314,2887.107,2894.779,2008710.55,1988959.43,2144639.81
2019/6/5,2882.94,2888.77,2861.42,2858.57,1815610.5,-0.86,-0.03,2883.658,2884.079,2893.162,1973915,1970493.58,2119655.08
2019/6/6,2862.33,2862.33,2827.8,2822.19,1770644.12,-33.62,-1.18,2868.056,2881.607,2892.004,1916526.25,1950217.68,2108166.71
2019/6/10,2833.01,2861.13,2852.13,2824.36,1665859.12,24.33,0.86,2858.742,2881.521,2887.65,1859236.92,1949598.1,2050306.27
2019/6/11,2854.07,2927.43,2925.72,2854.07,2605258,73.59,2.58,2865.87,2884.855,2888.751,1948401.42,2013403,2074554.23
2019/6/12,2917.22,2924.7,2909.38,2903.88,2402557.75,-16.34,-0.56,2875.29,2884.802,2890.039,2051985.9,2030348.23,2090509.44
2019/6/13,2905.29,2918.42,2910.74,2885.92,2129578,1.36,0.05,2885.154,2884.406,2888.642,2114779.4,2044347.2,2081728.49
2019/6/14,2913,2924.32,2881.97,2879.66,2154358,-28.77,-0.99,2895.988,2882.022,2884.955,2191522.17,2054024.21,2065253.54
2019/6/17,2880.42,2902.48,2887.62,2877.39,1539649.62,5.65,0.2,2903.086,2880.914,2885.221,2166280.27,2012758.6,2009085.2
2019/6/18,2891.09,2898.33,2890.16,2874.31,1477053.25,2.54,0.09,2895.974,2880.922,2886.199,1940639.32,1944520.37,1978201.64
2019/6/19,2944.12,2953.34,2917.8,2916.21,2307569.75,27.64,0.96,2897.658,2886.474,2886.791,1921641.72,1986813.81,1987886.62
2019/6/20,2917.33,2997.39,2987.12,2915.09,2910115.25,69.32,2.38,2912.934,2899.044,2891.562,2077749.17,2096264.29,2033378.93
2019/6/21,2990.37,3010.35,3001.98,2989.25,2869738.25,14.86,0.5,2936.936,2916.462,2899.035,2220825.22,2206173.7,2078195.69
2019/6/24,3004.29,3012.83,3008.15,2994.42,2104939,6.17,0.21,2961.042,2932.064,2906.793,2333883.1,2250081.69,2099839.89
2019/6/25,3004.91,3004.91,2982.07,2948.99,2436992.5,-26.08,-0.87,2979.424,2937.699,2911.277,2525870.95,2233255.14,2123329.07
2019/6/26,2964.62,2986.91,2976.28,2958.46,1744495.38,-5.79,-0.19,2991.12,2944.389,2914.596,2413256.08,2167448.9,2098898.56
2019/6/27,2982.61,3011.54,2996.79,2981.05,1953970.5,20.51,0.69,2993.054,2952.994,2918.7,2222027.13,2149888.15,2097117.68
2019/6/28,2992.24,2992.24,2978.88,2961.22,1814315.25,-17.91,-0.6,2988.434,2962.685,2922.354,2010942.53,2115883.88,2084954.04
2019/7/1,3024.62,3045.37,3044.9,3014.69,2508404.25,66.02,2.22,2995.784,2978.413,2929.664,2091635.58,2212759.34,2112758.97
2019/7/2,3042.58,3048.48,3043.94,3033.78,2145206.25,-0.96,-0.03,3008.158,2993.791,2937.357,2033278.33,2279574.64,2112047.51
2019/7/3,3031.83,3031.83,3015.26,3006.32,2122961.75,-28.68,-0.94,3015.954,3003.537,2945.006,2108971.6,2261113.84,2123963.82
2019/7/4,3015.68,3024.5,3005.25,2991.91,1944151.38,-10.01,-0.33,3017.646,3005.35,2952.197,2107007.78,2164517.45,2130390.87
2019/7/5,3004.74,3014.85,3011.06,2990.92,1567554.25,5.81,0.19,3024.082,3006.258,2961.36,2057655.58,2034299.05,2120236.38
2019/7/8,2997.81,2997.81,2933.36,2918.72,2115412.75,-77.7,-2.58,3001.774,2998.779,2965.422,1979057.28,2035346.43,2142714.06
2019/7/9,2928.82,2937.76,2928.23,2912.81,1451106,-5.13,-0.17,2978.632,2993.395,2965.547,1840237.23,1936757.78,2085006.46
2019/7/10,2935.19,2936.75,2915.3,2908.16,1354835.38,-12.93,-0.44,2958.64,2987.297,2965.843,1686611.95,1897791.78,2032620.34
2019/7/11,2928.06,2945.8,2917.76,2907.89,1436925.25,2.46,0.08,2941.142,2979.394,2966.194,1585166.73,1846087.25,1997987.7
2019/7/12,2915.34,2938.53,2930.55,2905.81,1377947.62,12.79,0.44,2925.04,2974.561,2968.623,1547245.4,1802450.49,1959167.18
2019/7/15,2921.55,2955,2942.19,2886.7,1676434,11.64,0.4,2926.806,2964.29,2971.352,1459449.65,1719253.46,1966006.4
2019/7/16,2938.64,2944.82,2937.62,2931.29,1318117.5,-4.57,-0.15,2928.684,2953.658,2973.725,1432851.95,1636544.59,1958059.61
2019/7/17,2933.02,2942.07,2931.69,2924.46,1496316.12,-5.93,-0.2,2931.962,2945.301,2974.419,1461148.1,1573880.03,1917496.93
2019/7/18,2921.74,2921.74,2901.18,2901.18,1498888.25,-30.51,-1.04,2928.646,2934.894,2970.122,1473540.7,1529353.71,1846935.58
2019/7/19,2909.68,2939.6,2924.2,2909.68,1494695.5,23.02,0.79,2927.376,2926.208,2966.233,1496890.27,1522067.84,1778183.44
2019/7/22,2925.79,2927.16,2886.97,2879.69,1806749.62,-37.23,-1.27,2916.332,2921.569,2960.174,1522953.4,1491201.52,1763273.98
2019/7/23,2886.9,2901.36,2899.94,2883.05,1293105.12,12.97,0.45,2908.796,2918.74,2956.068,1517950.92,1475401.44,1706079.61
2019/7/24,2907.93,2936.45,2923.28,2907.79,1552457.62,23.34,0.81,2907.114,2919.538,2953.418,1529179.22,1495163.66,1696477.72
2019/7/25,2923.19,2937.36,2937.36,2916.15,1456843.88,14.08,0.48,2914.35,2921.498,2950.446,1520770.35,1497155.52,1671621.39
2019/7/26,2928.06,2948.33,2944.54,2924.45,1393433.88,7.18,0.24,2918.418,2922.897,2948.729,1500518.02,1498704.15,1650577.32
2019/7/29,2943.92,2948.47,2941.01,2932.98,1279918.5,-3.53,-0.12,2929.226,2922.779,2943.535,1395151.8,1459052.6,1589153.03
2019/7/30,2946.26,2965.63,2952.34,2946.26,1483164.62,11.33,0.39,2939.706,2924.251,2938.955,1433163.7,1475557.31,1556050.95
2019/7/31,2944.4,2944.4,2932.51,2926.49,1410523.5,-19.83,-0.67,2941.552,2924.333,2934.817,1404776.88,1466978.05,1520429.04
2019/8/1,2920.85,2927.34,2908.77,2901.75,1423898.12,-23.74,-0.81,2935.834,2925.092,2929.993,1398187.72,1459479.04,1494416.37
2019/8/2,2861.33,2872.47,2867.84,2851.44,1848884.38,-40.93,-1.41,2920.494,2919.456,2922.832,1489277.82,1494897.92,1508482.88
2019/8/5,2854.58,2863.69,2821.5,2821.5,1674194.25,-46.34,-1.62,2896.592,2912.909,2917.239,1568132.97,1481642.39,1486421.96
2019/8/6,2776.99,2787.42,2777.56,2733.92,2311237.25,-43.94,-1.56,2861.636,2900.671,2909.706,1733747.5,1583455.6,1529428.52
2019/8/7,2789.02,2792.69,2768.68,2768.68,1577167.5,-8.88,-0.32,2828.87,2885.211,2902.375,1767076.3,1585926.59,1540545.12
2019/8/8,2784.18,2799.69,2794.55,2782.24,1495395.62,25.87,0.93,2806.026,2870.93,2896.214,1781375.8,1589781.76,1543468.64
2019/8/9,2805.59,2808.33,2774.75,2770.48,1482402.88,-19.8,-0.71,2787.408,2853.951,2888.424,1708079.5,1598678.66,1548691.41
2019/8/12,2781.98,2814.99,2814.99,2776.62,1315634.38,40.24,1.45,2786.106,2841.349,2882.064,1636367.53,1602250.25,1530651.42
2019/8/13,2798.05,2802.04,2797.26,2790.61,1309165,-17.73,-0.63,2790.046,2825.841,2875.046,1435953.08,1584850.29,1530203.8
2019/8/14,2824.49,2829.89,2808.91,2807.72,1440146.38,11.65,0.42,2798.092,2813.481,2868.907,1408548.85,1587812.58,1527395.31
2019/8/15,2762.34,2815.9,2815.8,2756.83,1527721.5,6.89,0.24,2802.342,2804.184,2864.638,1415014.03,1598194.91,1528836.98
2019/8/16,2817.57,2840.32,2823.82,2811.8,1485823.5,8.02,0.28,2812.156,2799.782,2859.619,1415698.15,1561888.83,1528393.38
2019/8/19,2835.52,2883.1,2883.1,2829.85,2145466.75,59.28,2.1,2825.778,2805.942,2859.426,1581664.63,1609016.08,1545329.23
2019/8/20,2879.08,2892.08,2880,2875,1896772,-3.1,-0.11,2842.326,2816.186,2858.429,1699186.03,1567569.55,1575512.58
2019/8/21,2875.47,2885.59,2880.33,2872.56,1590196.62,0.33,0.01,2856.61,2827.351,2856.281,1729196.07,1568872.46,1577399.53
2019/8/22,2887.66,2888.5,2883.44,2867.55,1492062.12,3.11,0.11,2870.138,2836.24,2853.585,1722064.2,1568539.11,1579160.44
2019/8/23,2885.15,2902.46,2897.43,2878.74,1591568.25,13.99,0.48,2884.86,2848.508,2851.23,1743213.15,1579455.65,1589067.16
2019/8/26,2851.02,2870.49,2863.57,2849.24,1698953.62,-33.86,-1.17,2880.954,2853.366,2847.358,1653910.52,1617787.57,1610018.91
2019/8/27,2879.52,2919.64,2902.19,2879.41,2081418,38.62,1.35,2885.392,2863.859,2844.85,1690839.72,1695012.87,1639931.58
2019/8/28,2901.63,2905.44,2893.76,2887.01,1830979,-8.43,-0.29,2888.078,2872.344,2842.913,1738996.2,1734096.14,1660954.36
2019/8/29,2896,2898.6,2890.92,2878.59,1786130.88,-2.84,-0.1,2889.574,2879.856,2842.02,1797809.95,1759937.07,1679065.99
2019/8/30,2907.38,2914.58,2886.24,2874.1,1939599.5,-4.68,-0.16,2887.336,2886.098,2842.94,1867416.2,1805314.67,1683601.75
2019/9/2,2886.94,2928.48,2924.11,2883.68,2027868.12,37.87,1.31,2899.444,2890.199,2848.071,1933199.1,1793554.81,1701285.44
2019/9/3,2925.94,2930.15,2930.15,2915.2,1890012.12,6.04,0.21,2905.036,2895.214,2855.7,1894917.92,1792878.82,1680224.19
2019/9/4,2927.75,2957.41,2957.41,2925.88,2254959,27.26,0.93,2917.766,2902.922,2865.137,1979713.92,1859355.06,1714113.76
2019/9/5,2972.66,3015.84,2985.86,2972.66,3054387,28.45,0.96,2936.754,2913.164,2874.702,2233365.15,2015587.55,1792063.33
2019/9/6,2996.62,2999.94,2999.6,2981.6,2168260.25,13.74,0.46,2959.426,2923.381,2885.945,2279097.3,2073256.75,1826356.2
2019/9/9,3023.78,3026.24,3024.74,3005.69,2433777.5,25.14,0.84,2979.552,2939.498,2896.432,2360279.17,2146739.14,1882263.36
2019/9/10,3027.41,3027.41,3021.2,3005.38,2400129.5,-3.54,-0.12,2997.762,2951.399,2907.629,2462302.65,2178610.29,1936811.58
2019/9/11,3029.93,3030.56,3008.81,3004.22,2298373.5,-12.39,-0.41,3008.042,2962.904,2917.624,2470985.55,2225349.74,1979722.94
2019/9/12,3016.63,3033.47,3031.24,3005.19,1969687,22.43,0.74,3017.118,2976.936,2928.396,2254045.55,2243705.35,2001821.21
2019/9/16,3041.92,3042.93,3030.75,3020.05,2218789.5,-0.49,-0.02,3023.348,2991.387,2938.743,2264151.4,2271624.35,2038469.51
2019/9/17,3023.71,3023.71,2978.12,2970.57,2233380.5,-52.63,-1.74,3014.024,2996.788,2943.494,2224072,2292175.59,2042865.2
2019/9/18,2984.08,2996.4,2985.66,2982.4,1680467,7.54,0.25,3006.916,3002.339,2948.777,2080139.5,2271221.08,2032049.95
2019/9/19,2992.92,2999.28,2999.28,2975.4,1626906.12,13.62,0.46,3005.01,3006.526,2954.724,1945846.02,2208415.79,2033885.42
2019/9/20,3004.81,3011.34,3006.45,2996.19,1821453,7.17,0.24,3000.052,3008.585,2960.875,1916199.22,2085122.39,2050354.97
2019/9/23,2998.4,2998.4,2977.08,2960.83,1681394.5,-29.37,-0.98,2989.318,3006.333,2964.857,1808720.22,2036435.81,2054846.28
2019/9/24,2979.48,3002.9,2985.34,2973.76,1639027.62,8.26,0.28,2990.762,3002.393,2970.946,1689849.65,1956960.82,2051849.98
2019/9/25,2977.67,2977.67,2955.43,2955.43,1685431.38,-29.91,-1,2984.716,2995.816,2973.608,1690842.52,1885491.01,2032050.65
2019/9/26,2964.48,2970.04,2929.09,2928.26,1889325.38,-26.34,-0.89,2970.678,2987.844,2975.374,1743326.38,1844586.2,2034967.97
2019/9/27,2929.49,2939.08,2932.17,2920.93,1329057.75,3.08,0.1,2955.822,2977.937,2977.437,1644847.33,1780523.28,2012114.31
2019/9/30,2927.92,2936.48,2905.19,2905.19,1166468.12,-26.98,-0.92,2941.444,2965.381,2978.384,1541862.05,1675291.14,1973457.74
2019/10/8,2905.76,2933.02,2913.57,2905.76,1255358.12,8.38,0.29,2927.09,2958.926,2977.857,1465128.15,1577488.9,1934832.24
2019/10/9,2902.08,2924.86,2924.86,2891.54,1304241.5,11.29,0.39,2920.976,2952.846,2977.593,1388890.17,1539866.35,1905543.71
2019/10/10,2923.71,2949.24,2947.71,2918.23,1342397.5,22.85,0.78,2924.7,2947.689,2977.108,1279504.6,1511415.49,1859915.64
2019/10/11,2954.82,2980.79,2973.66,2943.01,1612037.5,25.95,0.88,2932.998,2944.41,2976.498,1336100.55,1490473.94,1787798.16
2019/10/14,2993.96,3026.38,3007.88,2989.81,2086148,34.22,1.15,2953.536,2947.49,2976.912,1520036.52,1530949.29,1783692.55
2019/10/15,3005.66,3005.66,2991.05,2986.3,1553769,-16.83,-0.56,2969.032,2948.061,2975.227,1579718.7,1522423.43,1739692.12
2019/10/16,2992.61,3010.42,2978.71,2975.92,1498855,-12.34,-0.41,2979.802,2950.389,2973.103,1618641.4,1503765.79,1694628.4
2019/10/17,2979.99,2986.72,2977.33,2969.57,1225276.12,-1.38,-0.05,2985.726,2955.213,2971.529,1595217.12,1437360.86,1640973.53
2019/10/18,2982.34,2987.2,2938.14,2933.24,1499906.75,-39.19,-1.32,2978.622,2955.81,2966.874,1572790.97,1454445.76,1617484.52
2019/10/21,2933.9,2940.32,2939.62,2917.69,1324751.12,1.48,0.05,2964.97,2959.253,2962.317,1420511.6,1470274.06,1572782.6
2019/10/22,2945.6,2954.64,2954.38,2934.39,1174820.5,14.76,0.5,2957.636,2963.334,2961.13,1344721.9,1462220.3,1519854.6
2019/10/23,2952.97,2957.3,2941.62,2934.63,1238128.75,-12.76,-0.43,2950.218,2965.01,2958.928,1292576.65,1455609.02,1497737.69
2019/10/24,2944.01,2953.04,2940.92,2927.06,1265402.88,-0.7,-0.02,2942.936,2964.331,2956.01,1300602,1447909.56,1479662.52
2019/10/25,2940.47,2958.24,2954.93,2920.52,1368607,14.01,0.48,2946.294,2962.458,2953.434,1274342.05,1423566.51,1457020.22
2019/10/28,2958.69,2980.13,2980.05,2956.96,1737314.75,25.12,0.85,2954.38,2959.675,2953.583,1356854.78,1388683.19,1459816.24
2019/10/29,2979.04,2979.04,2954.18,2954.18,1661100.62,-25.87,-0.87,2954.34,2955.988,2952.025,1454110.8,1399416.35,1460919.89
2019/10/30,2949.46,2953.3,2939.32,2934.83,1587981.12,-14.86,-0.5,2953.88,2952.049,2951.219,1524081.27,1408328.96,1456047.37
2019/10/31,2944.84,2946.75,2929.06,2923.52,1615714.88,-10.26,-0.35,2951.508,2947.222,2951.218,1594143.67,1447372.84,1442366.85
2019/11/1,2924.34,2959.83,2958.2,2917.15,1599073.75,29.14,0.99,2952.162,2949.228,2952.519,1640237.02,1457289.54,1455867.65
2019/11/4,2964.58,2983.06,2975.49,2964.58,1672483.62,17.29,0.58,2951.25,2952.815,2956.034,1627270.8,1492062.79,1481168.42
2019/11/5,2977.7,3008.31,2991.56,2968.03,1798915.88,16.07,0.54,2958.726,2956.533,2959.934,1654833.85,1554472.33,1508346.31
2019/11/6,2992.04,2995.56,2978.6,2969.72,1652635.5,-12.96,-0.43,2966.582,2960.231,2962.621,1667764.73,1595923,1525766.01
2019/11/7,2978.15,2988.96,2978.71,2969.12,1369526.75,0.11,0,2976.512,2964.01,2964.171,1618527.1,1606335.39,1527122.47
2019/11/8,2993.98,2998.76,2964.18,2962.84,1497421.12,-14.53,-0.49,2977.708,2964.935,2963.697,1598196.57,1619216.8,1521391.66
2019/11/11,2949.96,2949.96,2909.97,2906.77,1579161,-54.21,-1.83,2964.604,2957.927,2958.801,1579532.05,1603401.42,1496042.31
2019/11/12,2913,2918.3,2914.82,2891.51,1297291.5,4.85,0.17,2949.256,2953.991,2954.99,1479207.17,1567020.51,1483218.43
2019/11/13,2913.02,2913.86,2905.24,2893.97,1297658.38,-9.58,-0.33,2934.584,2950.583,2951.316,1408211.75,1537988.24,1473158.6
2019/11/14,2907.74,2917.37,2909.87,2899.62,1291454.5,4.63,0.16,2920.816,2948.664,2947.943,1392597.3,1505562.2,1476467.52
2019/11/15,2911.35,2917.83,2891.34,2891.2,1355194.62,-18.53,-0.64,2906.248,2941.978,2945.603,1364152,1481174.29,1469231.91
2019/11/18,2889.55,2911.38,2909.2,2884.09,1244331.75,17.86,0.62,2906.094,2935.349,2944.082,1297186.15,1438359.1,1465210.94
2019/11/19,2904.28,2933.99,2933.99,2902.86,1354176,24.79,0.85,2909.928,2929.592,2943.063,1308563.05,1393885.11,1474178.72
2019/11/20,2928.11,2930.49,2911.05,2907.42,1373575.25,-22.94,-0.78,2911.09,2922.837,2941.534,1323746.42,1365979.09,1480951.04
2019/11/21,2902.55,2910.36,2903.64,2891.53,1234586.12,-7.41,-0.26,2909.844,2915.33,2939.67,1312372.75,1352485.02,1479410.21
2019/11/22,2906.24,2925.02,2885.29,2873.99,1586233.62,-18.35,-0.63,2908.634,2907.441,2936.188,1358580.55,1361366.27,1490291.54
2019/11/25,2885.61,2906.61,2906.17,2880.65,1785874.25,20.88,0.72,2908.028,2907.061,2932.494,1466889.05,1382037.6,1492719.51
2019/11/26,2912.52,2915.04,2907.06,2897.93,1700046.62,0.89,0.03,2902.642,2906.285,2930.138,1536063.17,1422313.11,1494666.81
2019/11/27,2905.4,2914.49,2903.19,2893.42,1338622,-3.87,-0.13,2901.07,2906.08,2928.332,1529072.52,1426409.47,1482198.86
2019/11/28,2902.36,2909.84,2889.69,2883.43,1195224.62,-13.5,-0.47,2898.28,2904.062,2926.363,1521200.22,1416786.49,1461174.34
2019/11/29,2885.97,2892.39,2871.98,2858.58,1226129.62,-17.71,-0.61,2895.618,2902.126,2922.052,1449179.42,1403879.99,1442527.14
2019/12/2,2874.45,2888.89,2875.81,2870.24,1287558,3.83,0.13,2889.546,2898.787,2917.068,1349516.17,1408202.61,1423280.86
2019/12/3,2869.88,2884.86,2884.7,2857.32,1237787.38,8.89,0.31,2885.074,2893.858,2911.725,1257064.32,1396563.75,1395224.43
2019/12/4,2876.91,2882.5,2878.12,2869.42,1255436.5,-6.58,-0.23,2880.06,2890.565,2906.701,1240427.22,1384749.87,1375364.48
2019/12/5,2886.52,2902,2899.47,2885.08,1431631,21.35,0.74,2882.016,2890.148,2902.739,1287708.5,1404454.36,1378469.69
2019/12/6,2902.28,2912.01,2912.01,2894.75,1341288.75,12.54,0.43,2890.022,2892.82,2900.131,1310740.33,1379959.87,1370663.07
2019/12/9,2914.46,2919.59,2914.48,2905.25,1607965.25,2.47,0.09,2897.756,2893.651,2900.356,1374821.78,1362168.97,1372103.29
2019/12/10,2908.94,2919.2,2917.32,2902.79,1701240,2.84,0.1,2904.28,2894.677,2900.481,1467512.3,1362288.31,1392300.71
2019/12/11,2922.6,2928.26,2924.42,2915,1655410.88,7.1,0.24,2913.54,2896.8,2901.44,1547507.18,1393967.2,1410188.34
2019/12/12,2926.34,2926.34,2915.7,2913.48,1517608,-8.72,-0.3,2916.786,2899.401,2901.732,1564702.58,1426205.54,1421496.01
2019/12/13,2937.78,2969.98,2967.68,2935.85,2119785.75,51.98,1.78,2927.92,2908.971,2905.549,1720401.98,1515571.15,1459725.57
2019/12/16,2970.97,2984.64,2984.39,2958.71,2118621.25,16.71,0.56,2941.902,2919.829,2909.308,1822533.18,1598677.48,1503440.04
2019/12/17,2985.26,3039.38,3022.42,2982.5,2930322.5,38.03,1.27,2962.922,2933.601,2913.73,2068349.68,1767930.99,1582247.37
2019/12/18,3021.47,3033.23,3017.04,3011.72,2440897,-5.38,-0.18,2981.446,2947.493,2919.029,2225446.9,1886477.04,1635613.46
2019/12/19,3017.15,3021.42,3017.07,3007.99,2086242.62,0.03,0,3001.72,2959.253,2924.701,2339173.82,1951938.2,1678196.28
2019/12/20,3019.64,3027.48,3004.94,3002.26,2150757.5,-12.13,-0.4,3009.172,2968.546,2930.683,2345368.17,2032885.08,1706422.47
2019/12/23,2999.04,3009.34,2962.75,2960.44,2057166.12,-42.19,-1.4,3004.844,2973.373,2933.512,2333077.15,2077805.16,1719987.07
2019/12/24,2965.83,2983.82,2982.68,2960.68,1630302.5,19.93,0.67,2996.896,2979.909,2937.293,2073073.15,2070711.41,1716499.86
2019/12/25,2980.43,2988.29,2981.88,2970.66,1756540.25,-0.8,-0.03,2989.864,2985.655,2941.228,1936201.8,2080824.35,1737395.77
2019/12/26,2981.25,3007.35,3007.35,2980.4,1824404.25,25.47,0.85,2987.92,2994.82,2947.111,1883834.12,2111503.97,1768854.76
2019/12/27,3006.85,3036.11,3005.04,3003.63,2471027.75,-2.31,-0.08,2987.94,2998.556,2953.764,1947888.17,2146628.17,1831099.66
2019/12/30,2998.17,3041.4,3040.02,2983.34,2480665.25,34.98,1.16,3003.394,3004.119,2961.974,2032588,2182832.57,1890755.03
2019/12/31,3036.39,3051.68,3050.12,3030.51,2174290.25,10.1,0.33,3016.882,3006.889,2970.245,2141385.55,2107229.35,1937580.17
2020/1/2,3066.34,3098.1,3085.2,3066.34,2924702,35.08,1.15,3037.546,3013.705,2980.599,2375017.9,2155609.85,2021043.44
2020/1/3,3089.02,3093.82,3083.79,3074.52,2614966.75,-1.41,-0.05,3052.834,3020.377,2989.815,2533130.4,2208482.26,2080210.23
2020/1/6,3070.91,3107.2,3083.41,3065.31,3125758.5,-0.38,-0.01,3068.508,3028.224,2998.385,2664076.55,2305982.36,2169433.72
2020/1/7,3085.49,3105.45,3104.8,3084.33,2765831,21.39,0.69,3081.464,3042.429,3007.901,2721109.7,2376848.85,2227327.01
2020/1/8,3094.24,3094.24,3066.89,3059.13,2978725.5,-37.91,-1.22,3084.818,3050.85,3015.38,2881996.75,2511691.15,2291201.28
2020/1/9,3082.64,3097.33,3094.88,3080.13,2434356.5,27.99,0.91,3086.754,3062.15,3023.903,2783927.65,2579472.78,2330148.56
2020/1/10,3102.29,3105.22,3092.29,3081.4,2104424.5,-2.59,-0.08,3088.454,3070.644,3032.732,2681819.2,2607474.8,2359489.39
2020/1/13,3091.49,3115.57,3115.57,3075.38,2106210,23.28,0.75,3094.886,3081.697,3040.127,2477909.5,2570993.03,2358810.6
2020/1/14,3120.67,3127.17,3106.82,3105.6,2299737.75,-8.75,-0.28,3095.29,3088.377,3046.248,2384690.85,2552900.28,2367866.42
2020/1/15,3103.17,3107.94,3090.04,3082.04,2023130.25,-16.78,-0.54,3099.92,3092.369,3049.629,2193571.8,2537784.28,2322506.81
2020/1/16,3095.73,3096.37,3074.08,3070.88,2033754.75,-15.96,-0.52,3095.76,3091.257,3052.481,2113451.45,2448689.55,2302149.7
2020/1/17,3081.46,3091.95,3075.5,3067.25,1903043,1.42,0.05,3092.402,3090.428,3055.403,2073175.15,2377497.18,2292989.72
2020/1/20,3082.11,3096.31,3095.79,3070.48,2104933.5,20.29,0.66,3088.446,3091.666,3059.945,2072919.85,2275414.68,2290698.52
2020/1/21,3085.79,3085.79,3052.14,3051.23,2348307.5,-43.65,-1.41,3077.51,3086.4,3064.415,2082633.8,2233662.33,2305255.59
2020/1/22,3038.49,3069.25,3060.75,3006.27,2238528.75,8.61,0.28,3071.652,3085.786,3068.318,2125713.5,2159642.65,2335666.9
2020/1/23,3037.95,3045.04,2976.53,2955.35,2727632.25,-84.22,-2.75,3052.142,3073.951,3068.051,2264489,2188970.23,2384221.5
2020/2/3,2716.7,2766.58,2746.61,2716.7,2159121,-229.92,-7.72,2986.364,3039.383,3055.014,2315704.6,2194439.88,2400957.34
2020/2/4,2685.27,2786.16,2783.29,2685.27,3640462,36.68,1.33,2923.864,3006.155,3043.926,2622810.3,2347865.08,2459429.05
2020/2/5,2792.37,2842.74,2818.09,2778.86,3097618.25,34.8,1.25,2877.054,2977.282,3032.83,2772672.45,2427653.13,2490276.7
2020/2/6,2826.89,2876.59,2866.51,2807.61,3163921.5,48.42,1.72,2838.206,2954.929,3023.649,2957751,2541732.25,2539758.26
2020/2/7,2858.93,2875.96,2875.96,2838.77,3094796.5,9.45,0.33,2818.092,2935.117,3013.187,3031183.85,2647836.43,2548262.99
2020/2/10,2860.5,2891.85,2890.49,2851.05,2949297.75,14.53,0.51,2846.868,2916.616,3003.522,3189219.2,2752461.9,2564979.54
2020/2/11,2894.54,2913.82,2901.67,2882.24,2691683.25,11.18,0.39,2870.544,2897.204,2994.435,2999463.45,2811136.88,2543275.78
2020/2/12,2895.56,2926.9,2926.9,2892.42,2487334.25,25.23,0.87,2892.306,2884.68,2985.54,2877406.65,2825039.55,2529350.94
2020/2/13,2927.14,2935.41,2906.07,2901.24,2748048.5,-20.83,-0.71,2900.218,2869.212,2977.499,2794232.05,2875991.53,2517817.09
2020/2/14,2899.87,2926.94,2917.01,2899.57,2506506.25,10.94,0.38,2908.428,2863.26,2968.606,2676574,2853878.93,2521424.58
2020/2/17,2924.99,2983.64,2983.62,2924.99,3131980,66.61,2.28,2927.054,2886.961,2963.172,2713110.45,2951164.83,2572802.35
2020/2/18,2981.41,2990.6,2984.97,2960.78,3116659.25,1.35,0.04,2943.714,2907.129,2956.642,2798105.65,2898784.55,2623324.81
2020/2/19,2979.52,2998.27,2975.4,2971.82,3151411.5,-9.57,-0.32,2953.414,2922.86,2950.071,2930921.1,2904163.88,2665908.5
2020/2/20,2981.88,3031.37,3030.15,2968.45,3457328.75,54.75,1.84,2978.23,2939.224,2947.077,3072777.15,2933504.6,2737618.43
2020/2/21,3022.25,3058.9,3039.67,3020.14,3645572.75,9.52,0.31,3002.762,2955.595,2945.356,3300590.45,2988582.23,2818209.33
2020/2/24,3027.89,3042.18,3031.23,3007.36,3704300.5,-8.44,-0.28,3012.284,2969.669,2943.143,3415054.55,3064082.5,2908272.2
2020/2/25,2982.07,3016.95,3013.05,2943.72,4416227.5,-18.18,-0.6,3017.9,2980.807,2939.006,3674968.2,3236536.93,3023836.9
2020/2/26,2978.42,3028.78,2987.93,2974.94,4690495.5,-25.12,-0.83,3020.406,2986.91,2935.795,3982785,3456853.05,3140946.3
2020/2/27,2992.49,3009.46,2991.33,2980.48,3505236.5,3.4,0.11,3012.642,2995.436,2932.324,3992366.55,3532571.85,3204281.69
2020/2/28,2924.64,2948.13,2880.3,2878.54,4012169.25,-111.03,-3.71,2980.768,2991.765,2927.513,4065685.85,3683138.15,3268508.54
2020/3/2,2899.31,2982.51,2970.93,2899.31,3673333.75,90.63,3.15,2968.708,2990.496,2938.729,4059492.5,3737273.53,3344219.18
2020/3/3,3006.89,3026.84,2992.9,2976.62,4101080.5,21.97,0.74,2964.678,2991.289,2949.209,3996463.1,3835715.65,3367250.1
2020/3/4,2981.81,3012,3011.67,2974.36,3533382.75,18.77,0.63,2969.426,2994.916,2958.888,3765040.55,3873912.78,3389038.33
2020/3/5,3036.15,3074.26,3071.68,3022.93,4454258,60.01,1.99,2985.496,2999.069,2969.147,3954844.85,3973605.7,3453555.15
2020/3/6,3039.94,3052.44,3034.51,3029.46,3620615.25,-37.17,-1.21,3016.338,2998.553,2977.074,3876534.05,3971109.95,3479846.09
2020/3/9,2987.18,2989.21,2943.29,2940.71,4145607.25,-91.22,-3.01,3010.81,2989.759,2979.714,3970988.75,4015240.63,3539661.56
2020/3/10,2918.93,3000.3,2996.76,2904.8,3932966.5,53.47,1.82,3011.582,2988.13,2984.469,3937365.95,3966914.53,3601725.73
2020/3/11,3001.76,3010.03,2968.52,2968.52,3524709.75,-28.24,-0.94,3002.952,2986.189,2986.55,3935631.35,3850335.95,3653594.5
2020/3/12,2936.02,2944.47,2923.49,2906.28,3077784.5,-45.03,-1.52,2973.314,2979.405,2987.421,3660336.65,3807590.75,3670081.3
2020/3/13,2804.23,2910.88,2887.43,2799.98,3664504.25,-36.06,-1.23,2943.898,2980.118,2985.942,3669114.45,3772824.25,3727981.2
2020/3/16,2897.3,2898.03,2789.25,2784.66,3518786.75,-98.18,-3.4,2913.09,2961.95,2976.223,3543750.35,3757369.55,3747321.54
2020/3/17,2796.28,2826.91,2779.64,2715.22,3061496.75,-9.61,-0.34,2869.666,2940.624,2965.957,3369456.4,3653411.18,3744563.41
2020/3/18,2792.32,2815.87,2728.76,2728.76,2911598.5,-50.88,-1.83,2821.714,2912.333,2953.625,3246834.15,3591232.75,3732572.76
2020/3/19,2719.41,2736.82,2702.13,2646.8,3023027.5,-26.63,-0.98,2777.442,2875.378,2937.224,3235882.75,3448109.7,3710857.7
2020/3/20,2727.02,2751.9,2745.62,2702.49,2520195,43.49,1.61,2749.08,2846.489,2922.521,3007020.9,3338067.68,3654588.81
2020/3/23,2677.59,2703.33,2660.17,2656.5,2498202.5,-85.45,-3.11,2723.264,2818.177,2903.968,2802904.05,3173327.2,3594283.91
2020/3/24,2703.02,2723.41,2722.44,2667.13,2570219.25,62.27,2.34,2711.824,2790.745,2889.438,2704648.55,3037052.48,3501983.5
2020/3/25,2775.3,2788.64,2781.59,2757.8,2731444.75,59.15,2.17,2722.39,2772.052,2879.121,2668617.8,2957725.98,3404030.96
2020/3/26,2761.9,2788.5,2764.91,2753.43,2340840.25,-16.68,-0.6,2734.946,2756.194,2867.8,2532180.35,2884031.55,3345811.15
2020/3/27,2792.98,2805.55,2772.2,2771.76,2407640.75,7.29,0.26,2740.262,2744.671,2862.395,2509669.5,2758345.2,3265584.73
2020/3/30,2739.72,2759.1,2747.21,2723.05,2397066,-24.99,-0.9,2757.67,2740.467,2851.209,2489442.2,2646173.13,3201771.34
2020/3/31,2767.31,2771.17,2750.3,2743.12,2185986.75,3.09,0.11,2763.242,2737.533,2839.079,2412595.7,2558622.13,3106016.65
2020/4/1,2743.54,2773.36,2734.52,2731.08,2172534.25,-15.78,-0.57,2753.828,2738.109,2825.221,2300813.6,2484715.7,3037974.23
2020/4/2,2720.23,2780.64,2780.64,2719.9,2178646,46.12,1.69,2756.974,2745.96,2810.669,2268374.75,2400277.55,2924193.63
2020/4/3,2773.58,2780.59,2763.99,2754.07,2008374,-16.65,-0.6,2755.332,2747.797,2797.143,2188521.4,2349095.45,2843581.56
2020/4/7,2806.97,2823.28,2820.76,2801.84,2701981.75,56.77,2.05,2770.042,2763.856,2791.017,2249504.55,2369473.38,2771400.29
2020/4/8,2805.92,2823.21,2815.37,2800.3,2435153,-5.39,-0.19,2783.056,2773.149,2781.947,2299337.8,2355966.75,2696509.61
2020/4/9,2825.84,2832.4,2825.9,2820.43,2381848.5,10.53,0.37,2801.332,2777.58,2774.816,2341200.65,2321007.13,2639366.55
2020/4/10,2827.19,2833.01,2796.63,2789.98,2334547.75,-29.27,-1.04,2804.53,2780.752,2768.473,2372381,2320377.88,2602204.71
2020/4/13,2784.6,2792.89,2783.05,2774.08,1771245.5,-13.58,-0.49,2808.342,2781.837,2763.254,2324955.3,2256738.35,2507541.78
2020/4/14,2794.8,2827.3,2827.28,2789.43,2026965.75,44.23,1.59,2809.646,2789.844,2765.156,2189952.1,2219728.33,2432950.73
2020/4/15,2826.66,2829.75,2811.17,2808.7,2056211.5,-16.11,-0.57,2808.806,2795.931,2766.732,2114163.8,2206750.8,2382686.46
2020/4/16,2798.43,2823.34,2819.94,2796.84,2030037.75,8.77,0.31,2807.614,2804.473,2771.291,2043801.65,2192501.15,2338608.43
2020/4/17,2835.56,2854.96,2838.49,2830.02,2457367.5,18.55,0.66,2815.986,2810.258,2778.109,2068365.6,2220373.3,2310325.43
2020/4/20,2840.41,2852.99,2852.55,2833.26,2118470.75,14.06,0.49,2829.886,2819.114,2783.456,2137810.65,2231382.98,2290239.21
2020/4/21,2842.24,2842.24,2827.01,2808.02,2332358.75,-25.54,-0.9,2829.832,2819.739,2791.798,2198889.25,2194420.68,2281947.03
2020/4/22,2814.07,2843.98,2843.98,2808.48,2173200,16.97,0.6,2836.394,2822.6,2797.875,2222286.95,2168225.38,2262096.06
2020/4/23,2850.51,2853.64,2838.5,2835.9,2487790.25,-5.48,-0.19,2840.106,2823.86,2800.72,2313837.45,2178819.55,2249913.34
2020/4/24,2834.94,2834.94,2808.53,2802.5,2351850.75,-29.97,-1.06,2834.114,2825.05,2802.901,2292734.1,2180549.85,2250463.86
2020/4/27,2812.24,2832.67,2815.49,2802.96,2101309.75,6.96,0.25,2826.702,2828.294,2805.066,2289301.9,2213556.28,2235147.31
2020/4/28,2819.99,2821.75,2810.02,2758.25,2538727.5,-5.47,-0.19,2823.304,2826.568,2808.206,2330575.65,2264732.45,2242230.39
2020/4/29,2801.38,2831.76,2822.44,2800.74,2020618.12,12.42,0.44,2818.996,2827.695,2811.813,2300059.27,2261173.11,2233961.96
2020/4/30,2832.38,2865.59,2860.08,2832.38,2424552.75,37.64,1.33,2823.312,2831.709,2818.091,2287411.77,2300624.61,2246562.88
2020/5/6,2831.63,2879.26,2878.14,2830.65,2498266.25,18.06,0.63,2837.234,2835.674,2822.966,2316694.87,2304714.49,2262543.89
2020/5/7,2876.47,2882.02,2871.52,2864.58,2267369.5,-6.62,-0.23,2848.44,2837.571,2828.343,2349906.82,2319604.36,2275493.67
2020/5/8,2882.71,2903.8,2895.34,2879.2,2268220.75,23.82,0.83,2865.504,2844.404,2832.072,2295805.47,2313190.56,2253805.62
2020/5/11,2901.57,2914.28,2894.8,2884.38,2251204,-0.54,-0.02,2879.976,2849.486,2836.043,2341922.65,2320990.96,2244608.17
2020/5/12,2894.62,2897.9,2891.56,2871.23,1970829.88,-3.24,-0.11,2886.272,2854.792,2839.326,2251178.08,2269294.93,2224057.24
2020/5/13,2882.96,2900.26,2898.05,2875.54,1850613.12,6.49,0.22,2890.254,2863.744,2844.397,2121647.45,2219171.16,2199860.51
2020/5/14,2887.06,2887.06,2870.34,2869.18,1977762,-27.71,-0.96,2890.018,2869.229,2848.762,2063725.95,2206816.39,2210186.33
2020/5/15,2880.71,2884.22,2868.46,2863.37,1889835.88,-1.88,-0.07,2884.642,2875.073,2850.821,1988048.98,2141927.23,2203329.84
2020/5/18,2872.52,2889.98,2875.42,2862.27,2260228.75,6.96,0.24,2880.766,2880.371,2854.033,1989853.93,2165888.29,2213530.7
2020/5/19,2897.69,2900.22,2898.58,2887.58,1972224,23.16,0.81,2882.17,2884.221,2857.965,1990132.75,2120655.41,2210640.01
2020/5/20,2896.47,2896.47,2883.74,2876.18,2105199.75,-14.84,-0.51,2879.308,2884.781,2860.228,2041050.08,2081348.76,2193031.63
2020/5/21,2890.72,2891.52,2867.92,2864.21,2035320.38,-15.82,-0.55,2878.824,2884.421,2860.996,2052561.75,2058143.85,2188874.11
2020/5/22,2863.05,2863.05,2813.77,2808.02,2090637.12,-54.15,-1.89,2867.886,2876.264,2860.334,2092722,2040385.49,2176788.03
2020/5/25,2816.24,2821.5,2817.97,2802.47,1728855.62,4.2,0.15,2856.396,2868.581,2859.034,1986447.37,1988150.65,2154570.81
2020/5/26,2827.9,2848.34,2846.55,2825.9,1745623.75,28.58,1.01,2845.99,2864.08,2859.436,1941127.32,1965630.04,2117462.48
2020/5/27,2847.32,2849,2836.8,2831.93,1981493.38,-9.75,-0.34,2836.602,2857.955,2860.85,1916386.05,1978718.06,2098944.61
2020/5/28,2838.21,2861.92,2846.22,2820.15,2075460.25,9.42,0.33,2832.262,2855.543,2862.386,1924414.02,1988487.89,2097652.14
2020/5/29,2835.58,2855.38,2852.35,2829.63,2067928,6.13,0.21,2839.978,2853.932,2864.503,1919872.2,2006297.1,2074112.16
2020/6/1,2871.96,2917.15,2915.43,2871.96,2601960.5,63.08,2.21,2859.47,2857.933,2869.152,2094493.18,2040470.28,2103179.28
2020/6/2,2916.32,2926.36,2921.4,2909.13,2561080.5,5.97,0.2,2874.44,2860.215,2872.218,2257584.53,2099355.93,2110005.67
2020/6/3,2930.39,2942.76,2923.37,2922.66,2556639.75,1.97,0.07,2891.754,2864.178,2874.48,2372613.8,2144499.93,2112924.34
2020/6/4,2931.84,2932.97,2919.25,2910.75,2266058.75,-4.12,-0.14,2906.36,2869.311,2876.866,2410733.5,2167573.76,2112858.81
2020/6/5,2923.19,2930.8,2930.8,2909.12,2173606.75,11.55,0.4,2922.05,2881.014,2878.639,2431869.25,2175870.73,2108128.11
2020/6/8,2941.98,2950.07,2937.77,2934.21,2311243.5,6.97,0.24,2926.518,2892.994,2880.788,2373725.85,2234109.51,2111130.08
2020/6/9,2939.54,2957.12,2956.11,2932.94,2090485.88,18.34,0.62,2933.46,2903.95,2884.015,2279606.93,2268595.73,2117112.88
2020/6/10,2951.28,2951.33,2943.75,2934.84,2079259.75,-12.36,-0.42,2937.536,2914.645,2886.3,2184130.93,2278372.36,2128545.21
2020/6/11,2939.79,2952.65,2920.9,2912.19,2337229.5,-22.85,-0.78,2937.866,2922.113,2888.828,2198365.08,2304549.29,2146518.59
2020/6/12,2876.8,2930.26,2919.74,2872.62,2360086.5,-1.16,-0.04,2935.654,2928.852,2891.392,2235661.03,2333765.14,2170031.12
2020/6/15,2908.28,2922.54,2890.03,2890.03,2432050.5,-29.71,-1.02,2926.106,2926.312,2892.123,2259822.43,2316774.14,2178622.21
2020/6/16,2912.83,2931.78,2931.75,2909.13,2233130.75,41.72,1.44,2921.234,2927.347,2893.781,2288351.4,2283979.16,2191667.54
2020/6/17,2932.67,2936.62,2935.87,2919.04,2346544,4.12,0.14,2919.658,2928.597,2896.388,2341808.25,2262969.59,2203734.76
2020/6/18,2929.88,2942.9,2939.32,2920.11,2586913.75,3.45,0.12,2923.342,2930.604,2899.958,2391745.1,2295055.09,2231314.43
2020/6/19,2938.79,2973.32,2967.63,2935.82,2643139.5,28.31,0.96,2932.92,2934.287,2907.651,2448355.7,2342008.36,2258939.54
2020/6/22,2966.9,2983.44,2965.27,2959.04,2678838.25,-2.36,-0.08,2947.968,2937.037,2915.016,2497713.25,2378767.84,2306438.68
2020/6/23,2960.89,2972.4,2970.62,2949.85,2252122,5.35,0.18,2955.742,2938.488,2921.219,2501511.5,2394931.45,2331763.59
2020/6/24,2972.98,2982.94,2979.55,2971.22,2132007.25,8.93,0.3,2964.478,2942.068,2928.357,2458604.15,2400206.2,2339289.28
2020/6/29,2973.08,2977.91,2961.52,2951.77,2206227.25,-18.03,-0.6,2968.918,2946.13,2934.122,2382466.85,2387105.98,2345827.63
2020/6/30,2965.11,2990.83,2984.67,2965.11,2149572.25,23.15,0.78,2972.326,2952.623,2940.738,2283753.4,2366054.55,2349909.84
2020/7/1,2991.18,3026.19,3025.98,2984.98,2733131.5,41.31,1.38,2984.468,2966.218,2946.265,2294612.05,2396162.65,2356468.39
2020/7/2,3023.72,3092.44,3090.57,3021.67,3911280,64.59,2.13,3008.458,2982.1,2954.724,2626443.65,2563977.58,2423978.37
2020/7/3,3104,3152.81,3152.81,3104,4587938.5,62.24,2.01,3043.11,3003.794,2966.196,3117629.9,2788117.03,2525543.31
2020/7/6,3187.84,3337.27,3332.88,3187.84,6438789,180.07,5.71,3117.382,3043.15,2986.877,3964142.25,3173304.55,2734179.82
2020/7/7,3380.95,3407.08,3345.34,3336.24,6578401.5,12.46,0.37,3189.516,3080.921,3007.604,4849908.1,3566830.75,2954419.56
2020/7/8,3337.55,3421.53,3403.44,3327.71,5870817,58.1,1.74,3265.008,3124.738,3030.888,5477445.2,3886028.63,3132398.23
2020/7/9,3403.48,3456.97,3450.59,3393.64,6200018,47.15,1.39,3337.012,3172.735,3055.612,5935192.8,4280818.23,3337874.84
2020/7/10,3418.93,3433.11,3383.32,3372.51,5561200,-67.27,-1.95,3383.114,3213.112,3077.59,6129845.1,4623737.5,3511971.85
2020/7/13,3379.39,3458.79,3443.29,3369.04,5580069,59.97,1.77,3405.196,3261.289,3103.71,5958101.1,4961121.68,3674113.83
2020/7/14,3435.02,3451.22,3414.62,3366.08,5432115,-28.67,-0.83,3419.052,3304.284,3128.454,5728843.8,5289375.95,3827715.25
2020/7/15,3422.08,3432.45,3361.3,3345.75,4920305.5,-53.32,-1.56,3410.624,3337.816,3152.017,5538741.5,5508093.35,3952128
2020/7/16,3356.36,3373.53,3210.1,3209.73,4906131,-151.2,-4.5,3362.526,3349.769,3165.935,5279964.1,5607578.45,4085778.01
2020/7/17,3214.4,3252.78,3214.13,3181.27,3596524.25,4.03,0.13,3328.688,3355.901,3179.848,4887028.95,5508437.03,4148277.03
2020/7/20,3243.91,3314.15,3314.15,3220.68,4185553,100.02,3.11,3302.86,3354.028,3198.589,4608125.75,5283113.43,4228208.99
2020/7/21,3330.55,3336.68,3320.89,3300.57,3592520.25,6.74,0.2,3284.114,3351.583,3216.252,4240206.8,4984525.3,4275678.03
2020/7/22,3315.18,3381.98,3333.16,3311.79,3933353.25,12.27,0.37,3278.486,3344.555,3234.647,4042816.35,4790778.93,4338403.78
2020/7/23,3306.15,3336.3,3325.11,3257.83,4070425,-8.05,-0.24,3301.488,3332.007,3252.371,3875675.15,4577819.63,4429318.93
2020/7/24,3310.64,3319.13,3196.77,3184.96,4270540.5,-128.34,-3.86,3298.016,3313.352,3263.232,4010478.4,4448753.68,4536245.59
2020/7/27,3210.39,3221.98,3205.23,3174.66,2993190.25,8.46,0.27,3276.232,3289.546,3275.418,3772005.85,4190065.8,4575593.74
2020/7/28,3226.13,3245.3,3227.96,3208.49,2893778.5,22.73,0.71,3257.646,3270.88,3287.582,3632257.5,3936232.15,4612804.05
2020/7/29,3221.99,3294.55,3294.55,3209.99,3249240.5,66.59,2.06,3249.924,3264.205,3301.011,3495434.95,3769125.65,4638609.5
2020/7/30,3299.57,3312.45,3286.82,3282.16,3407041.25,-7.73,-0.23,3242.266,3271.877,3310.823,3362758.2,3619216.68,4613397.56
2020/7/31,3280.8,3333.79,3310.01,3261.61,3537589.75,23.19,0.71,3264.914,3281.465,3318.683,3216168.05,3613323.23,4560880.13
2020/8/3,3332.18,3368.1,3367.97,3327.68,4074608.75,57.96,1.75,3297.462,3286.847,3320.438,3432451.75,3602228.8,4442671.11
2020/8/4,3376.44,3391.07,3371.69,3352.5,4423285.5,3.72,0.11,3326.208,3291.927,3321.755,3738353.15,3685305.33,4334915.31
2020/8/5,3363.33,3383.64,3377.56,3333.88,3858230.25,5.87,0.17,3342.81,3296.367,3320.461,3860151.1,3677793.03,4234285.98
2020/8/6,3380.76,3392.7,3386.46,3334.33,4153025,8.9,0.26,3362.738,3302.502,3317.255,4009347.85,3686053.03,4131936.33
2020/8/7,3370.59,3374.13,3354.04,3307.71,4039296.25,-32.42,-0.96,3371.544,3318.229,3315.791,4109689.15,3662928.6,4055841.14
2020/8/10,3341.53,3399.93,3379.25,3335.04,3813796.25,25.21,0.75,3373.8,3335.631,3312.589,4057526.65,3744989.2,3967527.5
2020/8/11,3379.49,3409.06,3340.29,3336.09,4004527,-38.96,-1.15,3367.52,3346.864,3308.872,3973774.95,3856064.05,3896148.1
2020/8/12,3327.49,3335.73,3319.27,3263.27,3783289.5,-21.02,-0.63,3355.862,3349.336,3306.771,3958786.8,3909468.95,3839297.3
2020/8/13,3328.18,3338.15,3320.73,3309.46,3242912.75,1.46,0.04,3342.716,3352.727,3312.302,3776764.35,3893056.1,3756136.39
2020/8/14,3315.67,3362.03,3360.1,3302.74,3059983.75,39.37,1.19,3343.928,3357.736,3319.601,3580901.85,3845295.5,3729309.36
2020/8/17,3373.9,3450.9,3438.8,3369.37,4345982.5,78.7,2.34,3355.838,3364.819,3325.833,3687339.1,3872432.88,3737330.84
2020/8/18,3441.93,3456.72,3451.09,3432.64,3807292.75,12.29,0.36,3377.998,3372.759,3332.343,3647892.25,3810833.6,3748069.46
2020/8/19,3444.56,3454.46,3408.13,3406.16,4057222.25,-42.96,-1.25,3395.77,3375.816,3336.092,3702678.8,3830732.8,3754262.91
2020/8/20,3385.96,3394.56,3363.9,3352.78,3356009.75,-44.23,-1.3,3404.404,3373.56,3338.031,3725298.2,3751031.28,3718542.15
2020/8/21,3380.23,3393.92,3380.68,3358,2874883.5,16.78,0.5,3408.52,3376.224,3347.227,3688278.15,3634590,3648759.3
2020/8/24,3391.11,3396.57,3385.64,3368.03,2662278.5,4.96,0.15,3397.888,3376.863,3356.247,3351537.35,3519438.23,3632213.71
2020/8/25,3392.88,3408.87,3373.58,3364.16,2771134.25,-12.06,-0.36,3382.386,3380.192,3363.528,3144305.65,3396098.95,3626081.5
2020/8/26,3371.81,3382.6,3329.74,3320.14,2944510.25,-43.84,-1.3,3366.708,3381.239,3365.288,2921763.25,3312221.03,3610844.99
2020/8/27,3333.49,3351.83,3350.11,3312.99,2370993.5,20.37,0.61,3363.95,3384.177,3368.452,2724760,3225029.1,3559042.6
2020/8/28,3346.29,3405.88,3403.81,3339.65,2713255.5,53.7,1.6,3368.576,3388.548,3373.142,2692434.4,3190356.28,3517825.89
2020/8/31,3416.55,3442.74,3395.68,3395.47,3234739,-8.13,-0.24,3370.584,3384.236,3374.528,2806926.5,3079231.93,3475832.4
2020/9/1,3389.74,3410.61,3410.61,3381.71,2469992.5,14.93,0.44,3377.99,3380.188,3376.474,2746698.15,2945501.9,3378167.75
2020/9/2,3420.47,3421.4,3404.8,3377.21,2615463.25,-5.81,-0.17,3393.002,3379.855,3377.836,2680888.75,2801326,3316029.4
2020/9/3,3404.03,3425.63,3384.98,3374.26,2553462.75,-19.82,-0.58,3399.976,3381.963,3377.762,2717382.6,2721071.3,3236051.29
2020/9/4,3336.41,3360.11,3355.37,3328.55,2216365.5,-29.61,-0.88,3390.288,3379.432,3377.828,2618004.6,2655219.5,3144904.75
2020/9/7,3349.92,3368.24,3292.59,3285.63,2606165.75,-62.78,-1.87,3369.67,3370.127,3373.495,2492289.95,2649608.23,3084523.23
2020/9/8,3301.22,3324.39,3316.42,3276.44,2710662.75,23.83,0.72,3350.832,3364.411,3372.302,2540424,2643561.08,3019830.01
2020/9/9,3281,3289.61,3254.63,3238.56,3515097.5,-61.79,-1.86,3320.798,3356.9,3369.07,2720350.85,2700619.8,3006420.41
2020/9/10,3282.23,3285.47,3234.82,3227.64,3124728,-19.81,-0.61,3290.766,3345.371,3364.774,2834603.9,2775993.25,3000511.18
2020/9/11,3225.78,3262.5,3260.35,3220.54,2216988.25,25.53,0.79,3271.762,3331.025,3359.787,2834728.45,2726366.53,2958361.4
2020/9/14,3275.92,3283.53,3278.81,3261.15,2139241.25,18.46,0.57,3269.006,3319.338,3351.787,2741343.55,2616816.75,2848024.34
2020/9/15,3277.13,3297.69,3295.68,3263.75,1976844,16.87,0.52,3264.858,3307.845,3344.017,2594579.8,2567501.9,2756501.9
2020/9/16,3293.17,3302.46,3283.92,3271.08,2004433.62,-11.76,-0.36,3270.716,3295.757,3337.806,2292447.02,2506398.94,2653862.47
2020/9/17,3277.32,3290.41,3270.44,3248.5,2029319.75,-13.48,-0.41,3277.84,3284.303,3333.133,2073365.37,2453984.64,2587527.97
2020/9/18,3270.91,3338.32,3338.09,3268.53,2562608,67.65,2.07,3293.388,3282.575,3331.004,2142489.32,2488608.89,2571914.19
2020/9/21,3348.9,3350.59,3316.94,3313.07,2165031,-21.15,-0.63,3301.014,3285.01,3327.569,2147647.27,2444495.41,2547051.82
2020/9/22,3290.67,3320.23,3274.3,3265.7,2140150.75,-42.64,-1.29,3296.738,3280.798,3322.605,2180308.62,2387444.21,2515502.64
2020/9/23,3278.84,3289.76,3279.71,3264.89,1691780.62,5.41,0.17,3295.896,3283.306,3320.103,2117778.02,2205112.52,2452866.16
2020/9/24,3262.88,3265.35,3223.18,3221.24,2067360.12,-56.53,-1.72,3286.444,3282.142,3313.757,2125386.1,2099375.74,2437684.49
2020/9/25,3234.37,3239.47,3219.42,3208.03,1648224.25,-3.76,-0.12,3262.71,3278.049,3304.537,1942509.35,2042499.34,2384432.93
2020/9/28,3224.98,3238.18,3217.53,3210.89,1559827.88,-1.89,-0.06,3242.828,3271.921,3295.63,1821468.72,1984558,2300687.37
2020/9/29,3231.86,3242.79,3224.36,3219.79,1513498.75,6.83,0.21,3232.84,3264.789,3286.317,1696138.32,1938223.47,2252862.69
2020/9/30,3232.71,3244.91,3218.05,3202.34,1535044.62,-6.31,-0.2,3220.508,3258.202,3276.98,1664791.12,1891284.57,2198841.76
2020/10/9,3262.61,3280.51,3272.08,3260.19,1883256.5,54.03,1.68,3230.288,3258.366,3271.335,1627970.4,1876678.25,2165331.44
2020/10/12,3287.33,3359.15,3358.47,3286.11,2596224,86.39,2.64,3258.098,3260.404,3271.49,1817570.35,1880039.85,2184324.37
2020/10/13,3353.12,3361.83,3359.75,3334.5,2049261,1.28,0.04,3286.542,3264.685,3274.848,1915456.97,1868462.85,2156479.13
2020/10/14,3353.62,3353.62,3340.78,3332.96,1986593.88,-18.97,-0.56,3309.826,3271.333,3276.066,2010076,1853107.16,2120275.69
2020/10/15,3342.92,3354.58,3332.18,3330,1910312.88,-8.6,-0.26,3332.652,3276.58,3279.943,2085129.65,1874960.39,2040036.46
2020/10/16,3334.46,3348.95,3336.36,3319.11,1942954.25,4.18,0.12,3345.508,3287.898,3285.02,2097069.2,1862519.8,1980947.77
2020/10/19,3351.1,3371.09,3312.67,3307.84,2123035.5,-23.69,-0.71,3336.348,3297.223,3287.636,2002431.5,1910000.93,1976250.13
2020/10/20,3307.15,3328.1,3328.1,3293.77,1650847.62,15.43,0.47,3330.018,3308.28,3290.101,1922748.83,1919102.9,1951830.45
2020/10/21,3332.15,3332.15,3325.02,3304.17,1776321.12,-3.08,-0.09,3326.866,3318.346,3291.568,1880694.27,1945385.14,1941804.31
2020/10/22,3315.82,3320.88,3312.5,3281.37,1659499.88,-12.52,-0.38,3322.93,3327.791,3292.997,1830531.67,1957830.66,1924557.62
2020/10/23,3308.16,3326.05,3278,3276.62,1742089.88,-34.5,-1.04,3311.258,3328.383,3293.375,1790358.8,1943714,1910196.13
2020/10/26,3258.7,3264.45,3251.12,3226.6,1677318,-26.88,-0.82,3298.948,3317.648,3289.026,1701215.3,1851823.4,1865931.63
2020/10/27,3240.74,3258.34,3254.32,3235.54,1491155.62,3.2,0.1,3284.192,3307.105,3285.895,1669276.9,1796012.86,1832237.86
2020/10/28,3256.22,3275.87,3269.24,3238.38,1731819.62,14.92,0.46,3273.036,3299.951,3285.642,1660376.6,1770535.44,1811821.3
2020/10/29,3235.76,3289.77,3272.73,3231.12,1847035.88,3.49,0.11,3265.082,3294.006,3285.293,1697883.8,1764207.74,1819584.06
2020/10/30,3278.63,3279.86,3224.53,3219.42,2301888,-48.2,-1.47,3254.388,3282.823,3285.361,1809843.42,1800101.11,1831310.46
2020/11/2,3228.72,3242.8,3225.12,3209.91,2267791.25,0.59,0.02,3249.188,3274.068,3285.646,1927938.07,1814576.69,1862288.81
2020/11/3,3239.81,3278.38,3271.07,3237.85,2152978.75,45.95,1.43,3252.538,3268.365,3288.323,2060302.7,1864789.8,1891946.35
2020/11/4,3273.43,3286.62,3277.44,3254.11,1885141.25,6.37,0.2,3254.178,3263.607,3290.977,2090967.03,1875671.81,1910528.48
2020/11/5,3305.58,3320.41,3320.13,3291.6,2268014.5,42.69,1.3,3263.658,3264.37,3296.081,2175162.75,1936523.28,1947176.97
2020/11/6,3326.46,3326.46,3312.16,3292.15,2348641.25,-7.97,-0.24,3281.184,3267.786,3298.085,2184513.4,1997178.41,1970446.21
2020/11/9,3329.43,3380.82,3373.73,3329.43,3102197.75,61.57,1.86,3310.906,3280.047,3298.848,2351394.7,2139666.39,1995744.89
2020/11/10,3387.62,3387.62,3360.15,3346.17,2787011.25,-13.58,-0.4,3328.722,3290.63,3298.868,2478201.2,2269251.95,2032632.41
2020/11/11,3354.02,3365.84,3342.2,3339.04,2712046.5,-17.95,-0.53,3341.674,3297.926,3298.939,2643582.25,2367274.64,2068905.04
2020/11/12,3344.46,3350.28,3338.68,3329.49,2165013,-3.52,-0.1,3345.384,3304.521,3299.264,2622981.95,2399072.35,2081640.04
2020/11/13,3327.23,3327.23,3310.1,3291.64,2278983.75,-28.58,-0.86,3344.972,3313.078,3297.951,2609050.45,2396781.93,2098441.52
2020/11/16,3325.62,3346.97,3346.97,3313.65,2795937.5,36.87,1.11,3339.62,3325.263,3299.666,2547798.4,2449596.55,2132086.62
2020/11/17,3347.15,3347.7,3339.9,3323.95,2836324.75,-7.07,-0.21,3335.57,3332.146,3300.256,2557661.1,2517931.15,2191360.48
2020/11/18,3337.33,3358.89,3347.3,3333.99,2875312.5,7.4,0.22,3336.59,3339.132,3301.37,2590314.3,2616948.28,2246310.04
2020/11/19,3339.09,3367.33,3363.09,3330.45,2532630,15.79,0.47,3341.472,3343.428,3303.899,2663837.7,2643409.83,2289966.55
2020/11/20,3359.6,3380.15,3377.73,3356.31,2612712.25,14.64,0.43,3354.998,3349.985,3308.886,2730583.4,2669816.93,2333497.67
2020/11/23,3384.1,3431.65,3414.49,3377.99,3738720.5,36.76,1.09,3368.502,3354.061,3317.054,2919140,2733469.2,2436567.79
2020/11/24,3407.41,3413.93,3402.82,3396.24,3009941.5,-11.67,-0.34,3381.086,3358.328,3324.479,2953863.35,2755762.23,2512507.09
2020/11/25,3417.52,3423.49,3362.33,3362.33,3221102,-40.49,-1.19,3384.092,3360.341,3329.134,3023021.25,2806667.78,2586971.21
2020/11/26,3360.06,3371.45,3369.73,3344.28,2558868.25,7.4,0.22,3385.42,3363.446,3333.984,3028268.9,2846053.3,2622562.83
2020/11/27,3373.84,3408.31,3408.31,3364.49,2806499,38.58,1.15,3391.536,3373.267,3343.173,3067026.25,2898804.83,2647793.38
2020/11/30,3418.16,3456.74,3391.76,3391.76,3849899.75,-16.55,-0.49,3386.99,3377.746,3351.505,3089262.1,3004201.05,2726898.8
2020/12/1,3388.99,3457.64,3451.94,3386.91,3161889.75,60.18,1.77,3396.814,3388.95,3360.548,3119651.75,3036757.55,2777344.35
2020/12/2,3453.52,3465.73,3449.38,3435.87,3128111.25,-2.56,-0.07,3414.224,3399.158,3369.145,3101053.6,3062037.43,2839492.85
2020/12/3,3448.54,3452.16,3442.14,3428.8,2984599.25,-7.24,-0.21,3428.706,3407.063,3375.246,3186199.8,3107234.35,2875322.09
2020/12/4,3436.73,3448.4,3444.58,3417.05,2562767,2.44,0.07,3435.96,3413.748,3381.867,3137453.4,3102239.83,2886028.38
2020/12/7,3446.65,3449.58,3416.6,3414.31,2545225,-27.98,-0.81,3440.928,3413.959,3384.01,2876518.45,2982890.28,2858179.74
2020/12/8,3417.69,3428.66,3410.18,3403.03,2269073.25,-6.42,-0.19,3432.576,3414.695,3386.512,2697955.15,2908803.45,2832282.84
2020/12/9,3416.08,3422.54,3371.96,3371.92,2607474.25,-38.22,-1.12,3417.092,3415.658,3388,2593827.75,2847440.68,2827054.23
2020/12/10,3365.73,3384.89,3373.28,3357.75,2473083,1.32,0.04,3403.32,3416.013,3389.73,2491524.5,2838862.15,2842457.73
2020/12/11,3381.01,3383.18,3347.19,3325.17,2986171.5,-26.09,-0.77,3383.842,3409.901,3391.584,2576205.4,2856829.4,2877817.11
2020/12/14,3349.53,3371.13,3369.12,3338.63,2398079.25,21.93,0.66,3374.346,3407.637,3392.692,2546776.25,2711647.35,2857924.2
2020/12/15,3366.58,3373.56,3367.23,3348.42,2256674,-1.89,-0.06,3365.756,3399.166,3394.058,2544296.4,2621125.78,2828941.66
2020/12/16,3371.26,3378.66,3366.98,3359.17,2208139.75,-0.25,-0.01,3364.76,3390.926,3395.042,2464429.5,2529128.63,2795583.03
2020/12/17,3367.28,3406.15,3404.87,3354.01,2754636.25,37.89,1.12,3371.078,3387.199,3397.131,2520740.15,2506132.33,2806683.34
2020/12/18,3400.49,3413.81,3394.9,3382.75,2809926.5,-9.97,-0.29,3380.62,3382.231,3397.99,2485491.15,2530848.28,2816544.05
2020/12/21,3394.39,3423.61,3420.57,3381.12,2837598,25.67,0.76,3390.91,3382.628,3398.294,2573394.9,2560085.58,2771487.93
2020/12/22,3410.97,3415.75,3356.78,3353.86,3230376.5,-63.79,-1.86,3388.82,3377.288,3395.992,2768135.4,2656215.9,2782509.68
2020/12/23,3362.47,3394.21,3382.32,3360.2,2995235.25,25.54,0.76,3391.888,3378.324,3396.991,2925554.5,2694992,2771216.34
2020/12/24,3382.19,3394.07,3363.11,3354.02,2750444.5,-19.21,-0.57,3383.536,3377.307,3396.66,2924716.15,2722728.15,2780795.15
2020/12/25,3351.79,3397.01,3396.56,3348.35,2945469,33.45,0.99,3383.868,3382.244,3396.073,2951824.65,2718657.9,2787743.65
2020/12/28,3396.36,3412.52,3397.29,3383.65,3161815.5,0.73,0.02,3379.212,3385.061,3396.349,3016668.15,2795031.53,2753339.44
2020/12/29,3399.29,3407.09,3379.04,3376.09,3117691.75,-18.25,-0.54,3383.664,3386.242,3392.704,2994131.2,2881133.3,2751129.54
2020/12/30,3375.01,3414.45,3414.45,3374.42,2910235.5,35.41,1.05,3390.09,3390.989,3390.958,2977131.25,2951342.88,2740235.75
2020/12/31,3419.73,3474.92,3473.07,3419.73,3356739.25,58.62,1.72,3412.082,3397.809,3392.504,3098390.2,3011553.18,2758842.75
